{
  "total_rows": 360,
  "metric_k": 5,
  "judge_enabled": true,
  "by_group": {
    "A": {
      "count": 120,
      "metrics": {
        "recall_at_k": {
          "count": 120,
          "mean": 0.725,
          "std": 0.4465142774872938
        },
        "mrr": {
          "count": 120,
          "mean": 0.5628703703703705,
          "std": 0.41835459547888204
        },
        "hit_at_1": {
          "count": 120,
          "mean": 0.43333333333333335,
          "std": 0.49553562491061687
        },
        "ndcg_at_k": {
          "count": 120,
          "mean": 0.6013042374440303,
          "std": 0.4133671592992664
        },
        "source_precision": {
          "count": 120,
          "mean": 0.17551587301587304,
          "std": 0.16515573630231586
        },
        "source_precision_at_k": {
          "count": 120,
          "mean": 0.18875000000000003,
          "std": 0.1662656634225279
        },
        "source_recall": {
          "count": 120,
          "mean": 0.75,
          "std": 0.4330127018922193
        },
        "source_f1": {
          "count": 120,
          "mean": 0.27082010582010585,
          "std": 0.20442539648577684
        },
        "answer_em": {
          "count": 120,
          "mean": 0.1,
          "std": 0.3
        },
        "answer_f1": {
          "count": 120,
          "mean": 0.31820573330817237,
          "std": 0.231454045879889
        },
        "gold_points_coverage": {
          "count": 120,
          "mean": 0.2652777777777778,
          "std": 0.40966101237697544
        },
        "refusal_rate": {
          "count": 120,
          "mean": 0.275,
          "std": 0.4465142774872938
        }
      },
      "judge_metrics": {
        "Context_Recall": {
          "count": 120,
          "mean": 3.65,
          "std": 1.7965244223221681
        },
        "Context_Precision": {
          "count": 120,
          "mean": 2.975,
          "std": 1.1723374087693355
        },
        "Faithfulness": {
          "count": 120,
          "mean": 4.916666666666667,
          "std": 0.4930066485916347
        },
        "Answer_Relevance": {
          "count": 120,
          "mean": 4.025,
          "std": 1.6251282000712026
        },
        "Source_Alignment": {
          "count": 120,
          "mean": 2.933333333333333,
          "std": 1.595479725836576
        }
      },
      "total_latency_ms": {
        "count": 120,
        "mean": 3696.0299999999997,
        "std": 1968.7457144236953
      }
    },
    "B": {
      "count": 120,
      "metrics": {
        "recall_at_k": {
          "count": 120,
          "mean": 0.9666666666666667,
          "std": 0.17950549357115014
        },
        "mrr": {
          "count": 120,
          "mean": 0.8357142857142857,
          "std": 0.28128427396773725
        },
        "hit_at_1": {
          "count": 120,
          "mean": 0.7333333333333333,
          "std": 0.4422166387140533
        },
        "ndcg_at_k": {
          "count": 120,
          "mean": 0.8656329163536525,
          "std": 0.24439665647289383
        },
        "source_precision": {
          "count": 120,
          "mean": 0.20348019949606636,
          "std": 0.11546766503330762
        },
        "source_precision_at_k": {
          "count": 120,
          "mean": 0.23194444444444445,
          "std": 0.10568522736859025
        },
        "source_recall": {
          "count": 120,
          "mean": 0.9916666666666667,
          "std": 0.09090593428863095
        },
        "source_f1": {
          "count": 120,
          "mean": 0.32581446331446334,
          "std": 0.1317534600528292
        },
        "answer_em": {
          "count": 120,
          "mean": 0.075,
          "std": 0.26339134382131846
        },
        "answer_f1": {
          "count": 120,
          "mean": 0.3679837853414513,
          "std": 0.22714663686519884
        },
        "gold_points_coverage": {
          "count": 120,
          "mean": 0.2777777777777778,
          "std": 0.4190671592365802
        },
        "refusal_rate": {
          "count": 120,
          "mean": 0.14166666666666666,
          "std": 0.3487079325484613
        }
      },
      "judge_metrics": {
        "Context_Recall": {
          "count": 120,
          "mean": 4.433333333333334,
          "std": 1.364632632697248
        },
        "Context_Precision": {
          "count": 120,
          "mean": 3.45,
          "std": 1.039631344916713
        },
        "Faithfulness": {
          "count": 120,
          "mean": 4.925,
          "std": 0.5190134873006673
        },
        "Answer_Relevance": {
          "count": 120,
          "mean": 4.525,
          "std": 1.231276437956427
        },
        "Source_Alignment": {
          "count": 120,
          "mean": 2.191666666666667,
          "std": 1.6088082200464071
        }
      },
      "total_latency_ms": {
        "count": 120,
        "mean": 3739.7081666666663,
        "std": 1973.7461218923197
      }
    },
    "C": {
      "count": 120,
      "metrics": {
        "recall_at_k": {
          "count": 120,
          "mean": 0.9333333333333333,
          "std": 0.24944382578492943
        },
        "mrr": {
          "count": 120,
          "mean": 0.8584722222222222,
          "std": 0.3042294138728734
        },
        "hit_at_1": {
          "count": 120,
          "mean": 0.8083333333333333,
          "std": 0.3936121892873181
        },
        "ndcg_at_k": {
          "count": 120,
          "mean": 0.8754967265929328,
          "std": 0.2795614991670992
        },
        "source_precision": {
          "count": 120,
          "mean": 0.17805555555555555,
          "std": 0.0550245455890728
        },
        "source_precision_at_k": {
          "count": 120,
          "mean": 0.19444444444444448,
          "std": 0.060143860456552706
        },
        "source_recall": {
          "count": 120,
          "mean": 0.9416666666666667,
          "std": 0.2343726851737539
        },
        "source_f1": {
          "count": 120,
          "mean": 0.29829365079365083,
          "std": 0.08600654722334183
        },
        "answer_em": {
          "count": 120,
          "mean": 0.16666666666666666,
          "std": 0.37267799624996495
        },
        "answer_f1": {
          "count": 120,
          "mean": 0.42036615568219926,
          "std": 0.24700410622808594
        },
        "gold_points_coverage": {
          "count": 120,
          "mean": 0.3763888888888889,
          "std": 0.462228816058737
        },
        "refusal_rate": {
          "count": 120,
          "mean": 0.09166666666666666,
          "std": 0.28855482821967976
        }
      },
      "judge_metrics": {
        "Context_Recall": {
          "count": 120,
          "mean": 4.65,
          "std": 1.107925990308017
        },
        "Context_Precision": {
          "count": 120,
          "mean": 3.408333333333333,
          "std": 0.908256877516243
        },
        "Faithfulness": {
          "count": 120,
          "mean": 5.0,
          "std": 0.0
        },
        "Answer_Relevance": {
          "count": 120,
          "mean": 4.783333333333333,
          "std": 0.877338145883457
        },
        "Source_Alignment": {
          "count": 120,
          "mean": 3.5166666666666666,
          "std": 1.1971029845237025
        }
      },
      "total_latency_ms": {
        "count": 120,
        "mean": 7507.27825,
        "std": 2168.7668482268377
      }
    }
  },
  "by_group_and_type": {
    "A:macro": {
      "count": 59,
      "metrics": {
        "recall_at_k": {
          "count": 59,
          "mean": 0.6949152542372882,
          "std": 0.46044331210868217
        },
        "mrr": {
          "count": 59,
          "mean": 0.5570621468926554,
          "std": 0.4273071132325317
        },
        "hit_at_1": {
          "count": 59,
          "mean": 0.4406779661016949,
          "std": 0.4964684242670105
        },
        "ndcg_at_k": {
          "count": 59,